Timestamp,Open,High,Low,Close,Volume,Converted_time
1600646400000,10906.16,10969.6,10894.72,10958.6,6.577688,2020-09-21 00:00:00.000000
1600650000000,10968.87,10972.48,10946.12,10946.17,5.877464,2020-09-21 01:00:00.000000
1600653600000,10949.27,10966.95,10939.99,10939.99,2.800066,2020-09-21 02:00:00.000000
1600657200000,10934.4,10963.89,10917.81,10963.89,1.954696,2020-09-21 03:00:00.000000
1600660800000,10971.94,10984.77,10956.21,10965.21,6.790143,2020-09-21 04:00:00.000000
1600664400000,10961.77,10961.77,10933.3,10952.21,8.664778,2020-09-21 05:00:00.000000
1600668000000,10974.05,10974.05,10940.74,10940.74,4.325033,2020-09-21 06:00:00.000000
1600671600000,10948.74,10948.74,10893.75,10893.75,5.601385,2020-09-21 07:00:00.000000
1600675200000,10902.99,10906.2,10800.0,10835.18,26.685112,2020-09-21 08:00:00.000000
1600678800000,10845.84,10853.23,10685.0,10693.03,29.282919,2020-09-21 09:00:00.000000
1600682400000,10700.17,10724.9,10635.0,10648.51,51.900033,2020-09-21 10:00:00.000000
1600686000000,10660.49,10678.97,10575.93,10634.89,31.200743,2020-09-21 11:00:00.000000
1600689600000,10621.34,10621.34,10498.07,10568.81,13.620932,2020-09-21 12:00:00.000000
1600693200000,10557.83,10628.86,10556.35,10592.92,8.70877,2020-09-21 13:00:00.000000
1600696800000,10579.17,10599.98,10281.34,10413.78,39.002651,2020-09-21 14:00:00.000000
1600700400000,10416.41,10442.87,10347.89,10413.65,25.430353,2020-09-21 15:00:00.000000
1600704000000,10406.07,10423.73,10347.52,10373.12,9.124957,2020-09-21 16:00:00.000000
1600707600000,10379.15,10417.98,10364.93,10397.45,6.357215,2020-09-21 17:00:00.000000
1600711200000,10395.89,10433.84,10375.69,10433.84,6.163777,2020-09-21 18:00:00.000000
1600714800000,10429.1,10496.68,10429.1,10496.68,7.0340929999999995,2020-09-21 19:00:00.000000
1600718400000,10484.83,10528.17,10470.52,10477.21,14.722984,2020-09-21 20:00:00.000000
1600722000000,10478.17,10524.86,10465.0,10523.67,3.446797,2020-09-21 21:00:00.000000
1600725600000,10500.72,10525.45,10464.07,10477.65,8.150453,2020-09-21 22:00:00.000000
1600729200000,10475.24,10492.44,10412.39,10412.39,10.50727,2020-09-21 23:00:00.000000
1600732800000,10411.89,10483.71,10356.05,10464.59,8.580027000000001,2020-09-22 00:00:00.000000
1600736400000,10440.6,10443.54,10408.32,10440.11,4.142729,2020-09-22 01:00:00.000000
1600740000000,10453.58,10464.59,10420.5,10464.59,3.3403160000000005,2020-09-22 02:00:00.000000
1600743600000,10476.65,10476.86,10440.86,10441.58,28.417818,2020-09-22 03:00:00.000000
1600747200000,10449.17,10476.16,10449.17,10462.37,3.276624,2020-09-22 04:00:00.000000
1600750800000,10463.84,10466.9,10440.0,10457.79,2.900963,2020-09-22 05:00:00.000000
1600754400000,10474.33,10483.16,10412.94,10417.22,6.972894999999999,2020-09-22 06:00:00.000000
1600758000000,10429.98,10438.32,10353.73,10373.78,12.717386999999999,2020-09-22 07:00:00.000000
1600761600000,10375.03,10465.5,10375.03,10452.14,2.4050130000000003,2020-09-22 08:00:00.000000
1600765200000,10458.76,10461.5,10443.28,10451.6,2.1310849999999997,2020-09-22 09:00:00.000000
1600768800000,10465.31,10470.96,10433.8,10456.33,2.168088,2020-09-22 10:00:00.000000
1600772400000,10462.66,10500.82,10447.14,10457.44,4.769872,2020-09-22 11:00:00.000000
1600776000000,10445.61,10489.71,10436.17,10484.2,5.4214269999999996,2020-09-22 12:00:00.000000
1600779600000,10498.26,10518.4,10462.89,10466.68,3.826689,2020-09-22 13:00:00.000000
1600783200000,10478.15,10492.08,10438.39,10438.39,5.172189,2020-09-22 14:00:00.000000
1600786800000,10434.44,10463.99,10427.66,10446.91,10.339057,2020-09-22 15:00:00.000000
1600790400000,10456.27,10482.26,10446.08,10446.08,3.5979099999999997,2020-09-22 16:00:00.000000
1600794000000,10450.54,10484.29,10446.14,10481.72,7.885145,2020-09-22 17:00:00.000000
1600797600000,10502.29,10502.29,10484.85,10492.92,5.523187,2020-09-22 18:00:00.000000
1600801200000,10492.91,10493.7,10467.75,10493.7,14.903510999999998,2020-09-22 19:00:00.000000
1600804800000,10493.7,10507.9,10483.88,10504.59,6.049712,2020-09-22 20:00:00.000000
1600808400000,10506.4,10570.8,10459.02,10531.64,16.439813,2020-09-22 21:00:00.000000
1600812000000,10544.54,10544.54,10502.3,10502.3,5.444852,2020-09-22 22:00:00.000000
1600815600000,10507.71,10530.99,10500.0,10528.11,5.3788540000000005,2020-09-22 23:00:00.000000
1600819200000,10528.11,10530.14,10505.15,10510.38,5.18253,2020-09-23 00:00:00.000000
1600822800000,10508.6,10526.49,10505.67,10513.74,2.8010330000000003,2020-09-23 01:00:00.000000
1600826400000,10511.85,10526.88,10510.53,10515.37,1.137896,2020-09-23 02:00:00.000000
1600830000000,10520.46,10520.46,10478.37,10478.37,2.132129,2020-09-23 03:00:00.000000
1600833600000,10478.03,10479.33,10447.82,10466.81,6.875334,2020-09-23 04:00:00.000000
1600837200000,10466.53,10486.28,10446.31,10471.92,22.705924,2020-09-23 05:00:00.000000
1600840800000,10470.0,10470.0,10408.81,10429.18,7.073230000000001,2020-09-23 06:00:00.000000
1600844400000,10434.88,10441.17,10379.12,10424.61,5.624244999999999,2020-09-23 07:00:00.000000
1600848000000,10432.45,10455.54,10406.01,10452.82,6.439958,2020-09-23 08:00:00.000000
1600851600000,10442.73,10489.41,10442.73,10489.41,4.547003,2020-09-23 09:00:00.000000
1600855200000,10481.95,10491.03,10462.68,10491.03,2.724447,2020-09-23 10:00:00.000000
1600858800000,10481.72,10490.45,10472.16,10475.93,5.663895,2020-09-23 11:00:00.000000
1600862400000,10467.87,10516.3,10466.94,10511.39,3.798283,2020-09-23 12:00:00.000000
1600866000000,10512.08,10533.49,10496.69,10496.69,4.143832,2020-09-23 13:00:00.000000
1600869600000,10501.07,10501.07,10466.31,10473.57,4.492669,2020-09-23 14:00:00.000000
1600873200000,10484.67,10485.14,10450.42,10458.26,3.2906489999999997,2020-09-23 15:00:00.000000
1600876800000,10453.61,10493.49,10451.88,10479.74,4.618722,2020-09-23 16:00:00.000000
1600880400000,10479.72,10485.06,10457.44,10457.44,3.359529,2020-09-23 17:00:00.000000
1600884000000,10447.75,10455.6,10409.33,10409.33,14.052369,2020-09-23 18:00:00.000000
1600887600000,10406.13,10406.13,10261.06,10284.07,31.851435,2020-09-23 19:00:00.000000
1600891200000,10304.27,10311.16,10140.64,10210.36,46.574255,2020-09-23 20:00:00.000000
1600894800000,10232.62,10275.39,10201.48,10270.94,16.402881,2020-09-23 21:00:00.000000
1600898400000,10246.0,10290.99,10242.79,10255.49,6.758089,2020-09-23 22:00:00.000000
1600902000000,10256.15,10256.15,10216.17,10229.11,10.843086,2020-09-23 23:00:00.000000
1600905600000,10228.97,10289.17,10205.83,10288.27,17.251115,2020-09-24 00:00:00.000000
1600909200000,10287.26,10305.68,10277.42,10282.5,5.131165,2020-09-24 01:00:00.000000
1600912800000,10282.23,10331.8,10280.82,10290.66,9.204039999999999,2020-09-24 02:00:00.000000
1600916400000,10299.88,10315.0,10291.01,10304.46,8.998904,2020-09-24 03:00:00.000000
1600920000000,10304.46,10317.52,10270.4,10278.49,44.310392,2020-09-24 04:00:00.000000
1600923600000,10277.06,10299.36,10271.9,10285.09,10.873337,2020-09-24 05:00:00.000000
1600927200000,10291.04,10313.08,10282.04,10282.92,7.381481,2020-09-24 06:00:00.000000
1600930800000,10287.06,10354.68,10285.86,10354.68,7.0347,2020-09-24 07:00:00.000000
1600934400000,10344.31,10344.31,10311.48,10311.48,4.761751,2020-09-24 08:00:00.000000
1600938000000,10317.01,10326.31,10288.47,10323.43,9.29647,2020-09-24 09:00:00.000000
1600941600000,10324.85,10379.14,10314.1,10373.64,11.280381,2020-09-24 10:00:00.000000
1600945200000,10361.81,10434.0,10361.81,10405.1,7.745411,2020-09-24 11:00:00.000000
1600948800000,10414.48,10419.54,10366.45,10366.45,1.610062,2020-09-24 12:00:00.000000
1600952400000,10381.04,10394.51,10336.19,10374.15,4.674698,2020-09-24 13:00:00.000000
1600956000000,10400.21,10412.98,10368.07,10389.14,6.9247559999999995,2020-09-24 14:00:00.000000
1600959600000,10393.41,10546.89,10393.41,10540.76,7.8004679999999995,2020-09-24 15:00:00.000000
1600963200000,10564.94,10733.9,10564.94,10672.04,15.28256,2020-09-24 16:00:00.000000
1600966800000,10677.15,10710.39,10649.33,10668.72,13.353532000000001,2020-09-24 17:00:00.000000
1600970400000,10667.55,10689.98,10608.02,10608.02,18.399104,2020-09-24 18:00:00.000000
1600974000000,10616.31,10662.6,10596.51,10646.97,5.488585,2020-09-24 19:00:00.000000
1600977600000,10651.31,10670.49,10621.13,10621.13,17.56932,2020-09-24 20:00:00.000000
1600981200000,10620.25,10669.36,10620.25,10644.8,17.380929000000002,2020-09-24 21:00:00.000000
1600984800000,10645.19,10797.24,10632.45,10757.17,47.505753999999996,2020-09-24 22:00:00.000000
1600988400000,10767.11,10767.11,10728.22,10728.22,5.9358010000000005,2020-09-24 23:00:00.000000
1600992000000,10734.44,10754.44,10698.37,10708.2,7.818300999999999,2020-09-25 00:00:00.000000
1600995600000,10711.3,10730.9,10685.65,10685.65,7.415839999999999,2020-09-25 01:00:00.000000
1600999200000,10686.41,10717.65,10686.08,10709.77,9.223349,2020-09-25 02:00:00.000000
1601002800000,10705.88,10716.66,10669.2,10669.2,3.161857,2020-09-25 03:00:00.000000
1601006400000,10669.91,10687.67,10661.72,10683.69,25.164316,2020-09-25 04:00:00.000000
1601010000000,10670.72,10682.52,10641.0,10641.0,3.082424,2020-09-25 05:00:00.000000
1601013600000,10641.0,10674.69,10614.54,10674.69,3.720975,2020-09-25 06:00:00.000000
1601017200000,10693.66,10702.93,10673.67,10687.87,14.98361,2020-09-25 07:00:00.000000
1601020800000,10687.36,10687.36,10580.0,10602.67,13.969976999999998,2020-09-25 08:00:00.000000
1601024400000,10596.7,10642.58,10561.02,10586.19,17.308471,2020-09-25 09:00:00.000000
1601028000000,10590.36,10617.21,10584.64,10596.19,7.710729,2020-09-25 10:00:00.000000
1601031600000,10587.69,10647.97,10570.58,10630.75,14.717735000000001,2020-09-25 11:00:00.000000
1601035200000,10627.43,10684.75,10600.0,10618.59,10.061972,2020-09-25 12:00:00.000000
1601038800000,10623.21,10640.01,10600.0,10607.93,7.078749,2020-09-25 13:00:00.000000
1601042400000,10610.36,10633.69,10560.63,10627.42,17.031657,2020-09-25 14:00:00.000000
1601046000000,10627.02,10676.01,10565.31,10651.63,18.71261,2020-09-25 15:00:00.000000
1601049600000,10634.33,10666.66,10624.52,10649.49,5.687288,2020-09-25 16:00:00.000000
1601053200000,10651.94,10719.95,10651.31,10702.46,12.402727,2020-09-25 17:00:00.000000
1601056800000,10697.17,10746.77,10697.17,10710.28,9.481983,2020-09-25 18:00:00.000000
1601060400000,10710.28,10724.91,10689.13,10718.63,7.154597,2020-09-25 19:00:00.000000
1601064000000,10730.05,10758.11,10716.59,10721.46,4.041944,2020-09-25 20:00:00.000000
1601067600000,10716.91,10746.21,10707.68,10746.21,4.2851669999999995,2020-09-25 21:00:00.000000
1601071200000,10728.5,10728.5,10670.48,10687.1,7.609660000000001,2020-09-25 22:00:00.000000
1601074800000,10696.08,10696.08,10655.25,10693.42,5.848878,2020-09-25 23:00:00.000000
1601078400000,10693.1,10709.28,10657.58,10657.58,5.327072,2020-09-26 00:00:00.000000
1601082000000,10658.71,10702.95,10654.87,10697.2,4.868282,2020-09-26 01:00:00.000000
1601085600000,10694.58,10724.92,10683.11,10717.14,9.228363,2020-09-26 02:00:00.000000
1601089200000,10711.86,10741.25,10682.55,10707.8,28.056231,2020-09-26 03:00:00.000000
1601092800000,10707.0,10738.06,10695.29,10738.06,12.904542999999999,2020-09-26 04:00:00.000000
1601096400000,10737.21,10830.0,10704.51,10731.16,14.630939000000001,2020-09-26 05:00:00.000000
1601100000000,10728.54,10764.84,10728.54,10740.89,14.918370000000001,2020-09-26 06:00:00.000000
1601103600000,10729.14,10733.74,10700.0,10709.61,5.944514,2020-09-26 07:00:00.000000
1601107200000,10699.61,10719.86,10675.09,10687.4,8.999366,2020-09-26 08:00:00.000000
1601110800000,10693.0,10712.69,10685.59,10701.02,10.929161,2020-09-26 09:00:00.000000
1601114400000,10699.86,10728.05,10667.99,10728.04,3.589975,2020-09-26 10:00:00.000000
1601118000000,10728.04,10728.04,10703.77,10707.17,2.544956,2020-09-26 11:00:00.000000
1601121600000,10682.88,10701.63,10670.57,10692.59,8.066024,2020-09-26 12:00:00.000000
1601125200000,10668.16,10696.43,10668.16,10677.86,1.6763759999999999,2020-09-26 13:00:00.000000
1601128800000,10671.62,10727.73,10670.0,10712.23,2.820929,2020-09-26 14:00:00.000000
1601132400000,10710.18,10739.4,10702.74,10721.9,2.505496,2020-09-26 15:00:00.000000
1601136000000,10718.19,10752.65,10689.21,10752.65,6.554844999999999,2020-09-26 16:00:00.000000
1601139600000,10738.02,10743.54,10728.27,10734.39,3.557246,2020-09-26 17:00:00.000000
1601143200000,10749.11,10777.95,10725.48,10729.15,17.470328,2020-09-26 18:00:00.000000
1601146800000,10731.01,10731.45,10709.22,10717.15,11.350275,2020-09-26 19:00:00.000000
1601150400000,10713.99,10721.59,10709.69,10718.52,8.807246000000001,2020-09-26 20:00:00.000000
1601154000000,10718.97,10754.31,10716.56,10716.56,9.077749,2020-09-26 21:00:00.000000
1601157600000,10711.83,10739.85,10709.53,10736.09,0.877878,2020-09-26 22:00:00.000000
1601161200000,10741.83,10747.53,10727.29,10728.91,0.938234,2020-09-26 23:00:00.000000
1601164800000,10730.65,10778.42,10723.68,10771.57,3.252018,2020-09-27 00:00:00.000000
1601168400000,10781.78,10800.0,10770.0,10770.0,4.212022,2020-09-27 01:00:00.000000
1601172000000,10785.04,10790.19,10763.88,10784.21,5.485581,2020-09-27 02:00:00.000000
1601175600000,10787.05,10793.95,10768.24,10781.13,3.30809,2020-09-27 03:00:00.000000
1601179200000,10790.08,10792.31,10772.75,10786.98,1.305343,2020-09-27 04:00:00.000000
1601182800000,10786.31,10786.31,10770.55,10775.74,1.110053,2020-09-27 05:00:00.000000
1601186400000,10778.78,10778.78,10630.49,10665.06,12.88001,2020-09-27 06:00:00.000000
1601190000000,10661.07,10692.57,10661.07,10671.62,7.326795,2020-09-27 07:00:00.000000
1601193600000,10669.29,10669.29,10615.17,10653.81,4.739106,2020-09-27 08:00:00.000000
1601197200000,10647.02,10649.31,10630.56,10642.66,13.504904999999999,2020-09-27 09:00:00.000000
1601200800000,10639.2,10676.71,10637.34,10665.45,5.6856160000000004,2020-09-27 10:00:00.000000
1601204400000,10661.82,10661.82,10628.78,10628.78,3.7382940000000002,2020-09-27 11:00:00.000000
1601208000000,10618.55,10670.0,10592.46,10668.5,10.655337,2020-09-27 12:00:00.000000
1601211600000,10660.0,10677.57,10660.0,10675.19,2.5209900000000003,2020-09-27 13:00:00.000000
1601215200000,10675.93,10679.5,10657.03,10678.23,4.9355400000000005,2020-09-27 14:00:00.000000
1601218800000,10668.12,10766.47,10641.2,10753.29,15.740497,2020-09-27 15:00:00.000000
1601222400000,10753.28,10759.73,10714.05,10715.3,8.134133,2020-09-27 16:00:00.000000
1601226000000,10720.25,10734.98,10709.49,10734.98,13.236312,2020-09-27 17:00:00.000000
1601229600000,10735.23,10741.4,10709.72,10714.6,5.366098,2020-09-27 18:00:00.000000
1601233200000,10715.46,10736.21,10705.96,10725.32,3.4869779999999997,2020-09-27 19:00:00.000000
1601236800000,10729.12,10729.35,10714.25,10717.44,1.074259,2020-09-27 20:00:00.000000
1601240400000,10719.25,10736.35,10705.67,10719.98,7.978793,2020-09-27 21:00:00.000000
1601244000000,10730.13,10754.0,10728.13,10742.88,3.4363370000000004,2020-09-27 22:00:00.000000
1601247600000,10754.0,10784.54,10734.01,10776.36,4.644368,2020-09-27 23:00:00.000000
1601251200000,10786.67,10950.1,10786.67,10886.32,36.422173,2020-09-28 00:00:00.000000
1601254800000,10892.76,10928.24,10872.91,10928.24,25.037582999999998,2020-09-28 01:00:00.000000
1601258400000,10933.77,10942.74,10909.67,10917.26,8.148291,2020-09-28 02:00:00.000000
1601262000000,10916.28,10916.28,10880.01,10887.14,18.276628,2020-09-28 03:00:00.000000
1601265600000,10883.4,10902.65,10869.82,10896.29,2.589451,2020-09-28 04:00:00.000000
1601269200000,10893.11,10912.12,10867.9,10878.96,5.2499080000000005,2020-09-28 05:00:00.000000
1601272800000,10881.07,10885.06,10848.63,10856.49,4.3605089999999995,2020-09-28 06:00:00.000000
1601276400000,10869.5,10879.17,10843.67,10853.88,2.15163,2020-09-28 07:00:00.000000
1601280000000,10857.16,10892.72,10853.25,10859.43,3.259466,2020-09-28 08:00:00.000000
1601283600000,10858.92,10877.0,10844.14,10860.74,3.464522,2020-09-28 09:00:00.000000
1601287200000,10832.68,10888.7,10832.68,10875.84,12.773365,2020-09-28 10:00:00.000000
1601290800000,10878.17,10899.34,10864.6,10876.75,6.669150999999999,2020-09-28 11:00:00.000000
1601294400000,10868.47,10941.73,10840.0,10905.01,18.937669,2020-09-28 12:00:00.000000
1601298000000,10900.34,10941.51,10878.29,10884.38,9.05292,2020-09-28 13:00:00.000000
1601301600000,10886.07,10916.38,10867.41,10867.41,5.911339,2020-09-28 14:00:00.000000
1601305200000,10862.1,10909.35,10862.1,10899.79,8.650176,2020-09-28 15:00:00.000000
1601308800000,10900.92,10906.21,10876.74,10899.06,4.934537000000001,2020-09-28 16:00:00.000000
1601312400000,10885.77,10900.17,10876.49,10890.01,10.294242,2020-09-28 17:00:00.000000
1601316000000,10884.89,10884.89,10858.17,10867.46,14.982157999999998,2020-09-28 18:00:00.000000
1601319600000,10872.24,10873.01,10840.52,10870.18,6.489511,2020-09-28 19:00:00.000000
1601323200000,10872.74,10874.46,10862.71,10866.25,5.210846,2020-09-28 20:00:00.000000
1601326800000,10866.09,10879.24,10852.4,10878.51,5.463333,2020-09-28 21:00:00.000000
1601330400000,10881.4,10884.39,10860.86,10860.86,2.786268,2020-09-28 22:00:00.000000
1601334000000,10864.25,10864.25,10631.18,10692.11,69.035476,2020-09-28 23:00:00.000000
1601337600000,10664.19,10729.02,10651.97,10717.35,4.864591000000001,2020-09-29 00:00:00.000000
1601341200000,10710.87,10710.87,10671.47,10688.95,5.4986559999999995,2020-09-29 01:00:00.000000
1601344800000,10674.26,10697.96,10657.81,10680.19,5.29904,2020-09-29 02:00:00.000000
1601348400000,10681.53,10702.44,10681.53,10702.44,0.522837,2020-09-29 03:00:00.000000
1601352000000,10686.22,10703.0,10684.54,10701.07,0.960894,2020-09-29 04:00:00.000000
1601355600000,10684.54,10690.69,10674.0,10682.82,3.8724540000000003,2020-09-29 05:00:00.000000
1601359200000,10667.02,10735.93,10667.02,10730.29,2.1513169999999997,2020-09-29 06:00:00.000000
1601362800000,10727.89,10736.7,10713.66,10723.34,3.4599860000000002,2020-09-29 07:00:00.000000
1601366400000,10721.79,10738.26,10711.42,10725.6,1.357876,2020-09-29 08:00:00.000000
1601370000000,10746.09,10747.15,10705.43,10705.43,1.139742,2020-09-29 09:00:00.000000
1601373600000,10726.22,10774.84,10726.22,10747.04,3.5703989999999997,2020-09-29 10:00:00.000000
1601377200000,10781.14,10789.65,10755.03,10755.96,2.1898779999999998,2020-09-29 11:00:00.000000
1601380800000,10757.13,10762.49,10739.89,10749.71,4.047959,2020-09-29 12:00:00.000000
1601384400000,10753.58,10754.94,10712.25,10754.25,3.441578,2020-09-29 13:00:00.000000
1601388000000,10757.88,10784.51,10742.96,10756.54,5.882009,2020-09-29 14:00:00.000000
1601391600000,10752.19,10769.84,10713.3,10725.23,8.707514,2020-09-29 15:00:00.000000
1601395200000,10727.29,10728.99,10672.23,10677.96,28.277207,2020-09-29 16:00:00.000000
1601398800000,10687.84,10687.84,10633.6,10682.0,9.156883,2020-09-29 17:00:00.000000
1601402400000,10677.63,10740.79,10675.21,10725.09,7.8288850000000005,2020-09-29 18:00:00.000000
1601406000000,10724.61,10761.87,10719.73,10736.82,5.246322,2020-09-29 19:00:00.000000
1601409600000,10746.82,10775.42,10743.2,10753.09,2.163129,2020-09-29 20:00:00.000000
1601413200000,10763.6,10777.34,10744.18,10764.51,9.804568,2020-09-29 21:00:00.000000
1601416800000,10767.09,10773.54,10747.75,10755.33,2.527846,2020-09-29 22:00:00.000000
1601420400000,10772.2,10855.48,10772.2,10839.93,19.084107999999997,2020-09-29 23:00:00.000000
1601424000000,10840.87,10840.87,10809.22,10815.39,1.027264,2020-09-30 00:00:00.000000
1601427600000,10806.78,10823.17,10770.34,10783.75,2.933292,2020-09-30 01:00:00.000000
1601431200000,10804.94,10811.28,10769.79,10779.93,3.746975,2020-09-30 02:00:00.000000
1601434800000,10773.37,10774.76,10735.92,10735.92,23.974396,2020-09-30 03:00:00.000000
1601438400000,10730.19,10746.78,10694.08,10737.9,7.373067,2020-09-30 04:00:00.000000
1601442000000,10738.6,10757.97,10713.71,10713.71,0.9029010000000001,2020-09-30 05:00:00.000000
1601445600000,10691.29,10730.62,10683.0,10723.68,5.6265019999999994,2020-09-30 06:00:00.000000
1601449200000,10712.98,10746.09,10689.21,10693.01,4.759491000000001,2020-09-30 07:00:00.000000
1601452800000,10703.23,10724.33,10696.57,10702.35,2.150605,2020-09-30 08:00:00.000000
1601456400000,10700.37,10700.37,10663.31,10677.01,4.185048999999999,2020-09-30 09:00:00.000000
1601460000000,10702.13,10719.83,10692.33,10717.5,7.251244,2020-09-30 10:00:00.000000
1601463600000,10713.0,10716.47,10680.0,10680.0,5.234586,2020-09-30 11:00:00.000000
1601467200000,10673.87,10735.93,10673.87,10727.93,3.555386,2020-09-30 12:00:00.000000
1601470800000,10726.11,10748.24,10716.38,10736.08,3.776275,2020-09-30 13:00:00.000000
1601474400000,10745.35,10756.75,10735.42,10742.63,32.538574,2020-09-30 14:00:00.000000
1601478000000,10751.0,10789.11,10750.56,10782.05,5.150328,2020-09-30 15:00:00.000000
1601481600000,10774.13,10782.01,10754.74,10775.05,11.269897,2020-09-30 16:00:00.000000
1601485200000,10799.49,10799.49,10755.64,10756.78,6.287198,2020-09-30 17:00:00.000000
1601488800000,10768.41,10773.99,10683.38,10706.02,7.018878999999999,2020-09-30 18:00:00.000000
1601492400000,10725.94,10727.77,10683.66,10723.91,5.631778,2020-09-30 19:00:00.000000
1601496000000,10703.24,10728.21,10681.79,10699.22,11.590273,2020-09-30 20:00:00.000000
1601499600000,10707.7,10734.61,10707.05,10709.26,3.612769,2020-09-30 21:00:00.000000
1601503200000,10702.01,10749.56,10699.0,10740.22,3.847743,2020-09-30 22:00:00.000000
1601506800000,10743.13,10781.78,10742.96,10771.95,3.5952550000000003,2020-09-30 23:00:00.000000
1601510400000,10799.0,10822.89,10784.26,10784.82,3.3605050000000003,2020-10-01 00:00:00.000000
1601514000000,10796.17,10837.19,10796.17,10830.09,3.482563,2020-10-01 01:00:00.000000
1601517600000,10853.51,10853.51,10809.3,10815.42,8.332767,2020-10-01 02:00:00.000000
1601521200000,10815.42,10815.6,10792.32,10792.32,2.406685,2020-10-01 03:00:00.000000
1601524800000,10797.84,10822.9,10795.08,10805.28,4.740794999999999,2020-10-01 04:00:00.000000
1601528400000,10805.29,10825.02,10795.33,10817.28,1.779251,2020-10-01 05:00:00.000000
1601532000000,10828.52,10836.94,10819.52,10820.22,0.676768,2020-10-01 06:00:00.000000
1601535600000,10825.89,10838.64,10798.87,10818.23,35.855585999999995,2020-10-01 07:00:00.000000
1601539200000,10838.66,10930.84,10820.75,10876.29,17.593807,2020-10-01 08:00:00.000000
1601542800000,10885.18,10903.24,10883.87,10890.53,1.0043090000000001,2020-10-01 09:00:00.000000
1601546400000,10904.8,10904.8,10857.87,10873.1,3.487217,2020-10-01 10:00:00.000000
1601550000000,10862.52,10896.17,10859.97,10892.28,1.725729,2020-10-01 11:00:00.000000
1601553600000,10875.99,10899.54,10864.85,10889.92,6.41522,2020-10-01 12:00:00.000000
1601557200000,10889.92,10893.06,10851.68,10865.0,7.543087,2020-10-01 13:00:00.000000
1601560800000,10862.45,10864.94,10837.73,10861.48,3.020343,2020-10-01 14:00:00.000000
1601564400000,10866.52,10887.57,10708.88,10725.14,26.743701,2020-10-01 15:00:00.000000
1601568000000,10701.01,10706.76,10437.16,10517.71,34.572646999999996,2020-10-01 16:00:00.000000
1601571600000,10503.27,10525.18,10467.62,10478.08,12.328657000000002,2020-10-01 17:00:00.000000
1601575200000,10461.82,10588.64,10461.82,10582.83,15.16874,2020-10-01 18:00:00.000000
1601578800000,10585.4,10636.46,10564.72,10609.97,8.682858999999999,2020-10-01 19:00:00.000000
1601582400000,10568.31,10605.79,10565.04,10605.79,5.709689,2020-10-01 20:00:00.000000
1601586000000,10602.7,10622.31,10587.7,10600.07,8.304262,2020-10-01 21:00:00.000000
1601589600000,10580.41,10630.21,10580.41,10610.0,5.234230999999999,2020-10-01 22:00:00.000000
1601593200000,10601.74,10618.09,10596.45,10613.29,6.62569,2020-10-01 23:00:00.000000
1601596800000,10603.51,10612.0,10589.03,10591.41,2.919561,2020-10-02 00:00:00.000000
1601600400000,10588.42,10611.45,10584.03,10587.21,3.7244010000000003,2020-10-02 01:00:00.000000
1601604000000,10600.28,10612.76,10590.16,10602.93,6.11707,2020-10-02 02:00:00.000000
1601607600000,10606.23,10648.9,10602.96,10646.0,2.250581,2020-10-02 03:00:00.000000
1601611200000,10652.21,10658.5,10590.16,10590.74,8.139771000000001,2020-10-02 04:00:00.000000
1601614800000,10590.74,10590.74,10386.94,10434.55,26.694135,2020-10-02 05:00:00.000000
1601618400000,10427.51,10522.7,10420.37,10493.81,10.047111,2020-10-02 06:00:00.000000
1601622000000,10498.48,10507.5,10474.3,10499.71,11.996526,2020-10-02 07:00:00.000000
1601625600000,10488.3,10489.18,10420.94,10447.55,12.432554,2020-10-02 08:00:00.000000
1601629200000,10465.82,10480.76,10418.83,10445.91,6.945194,2020-10-02 09:00:00.000000
1601632800000,10443.53,10469.16,10373.89,10449.2,14.705561,2020-10-02 10:00:00.000000
1601636400000,10469.72,10478.16,10440.69,10441.67,13.198454000000002,2020-10-02 11:00:00.000000
1601640000000,10439.87,10492.19,10439.87,10487.8,6.737419,2020-10-02 12:00:00.000000
1601643600000,10493.29,10600.0,10437.15,10517.71,15.089618,2020-10-02 13:00:00.000000
1601647200000,10530.96,10550.0,10505.59,10523.19,12.597019,2020-10-02 14:00:00.000000
1601650800000,10520.73,10540.67,10514.62,10516.7,2.696715,2020-10-02 15:00:00.000000
1601654400000,10505.58,10560.97,10498.01,10544.31,8.878085,2020-10-02 16:00:00.000000
1601658000000,10553.18,10556.87,10525.74,10534.57,4.384316,2020-10-02 17:00:00.000000
1601661600000,10550.0,10553.02,10527.54,10553.02,9.706552,2020-10-02 18:00:00.000000
1601665200000,10541.67,10542.38,10515.19,10522.48,6.249161,2020-10-02 19:00:00.000000
1601668800000,10513.23,10550.05,10511.89,10540.46,21.097904,2020-10-02 20:00:00.000000
1601672400000,10546.05,10554.08,10465.13,10482.2,15.771645999999999,2020-10-02 21:00:00.000000
1601676000000,10472.26,10578.32,10472.26,10557.0,7.885716,2020-10-02 22:00:00.000000
1601679600000,10550.04,10573.52,10550.04,10567.22,4.58579,2020-10-02 23:00:00.000000
1601683200000,10578.21,10578.21,10536.1,10547.52,4.363594,2020-10-03 00:00:00.000000
1601686800000,10555.76,10555.76,10526.91,10537.47,2.5136689999999997,2020-10-03 01:00:00.000000
1601690400000,10539.86,10544.13,10523.66,10542.9,3.16245,2020-10-03 02:00:00.000000
1601694000000,10535.35,10556.11,10535.35,10556.11,0.8433510000000001,2020-10-03 03:00:00.000000
1601697600000,10555.9,10559.08,10546.2,10552.47,2.145702,2020-10-03 04:00:00.000000
1601701200000,10551.24,10551.24,10532.9,10535.22,2.9969080000000003,2020-10-03 05:00:00.000000
1601704800000,10537.17,10545.79,10500.96,10524.74,2.252886,2020-10-03 06:00:00.000000
1601708400000,10527.17,10532.62,10511.84,10523.44,3.4032150000000003,2020-10-03 07:00:00.000000
1601712000000,10517.42,10550.13,10508.65,10511.78,1.209517,2020-10-03 08:00:00.000000
1601715600000,10511.78,10539.7,10508.94,10525.48,2.044466,2020-10-03 09:00:00.000000
1601719200000,10525.67,10551.02,10523.88,10548.29,3.7949309999999996,2020-10-03 10:00:00.000000
1601722800000,10546.45,10560.97,10529.49,10542.89,10.653557000000001,2020-10-03 11:00:00.000000
1601726400000,10543.36,10543.36,10526.2,10539.25,5.470673000000001,2020-10-03 12:00:00.000000
1601730000000,10537.65,10538.89,10531.09,10534.08,0.27521,2020-10-03 13:00:00.000000
1601733600000,10529.85,10542.39,10529.85,10538.88,1.0400770000000001,2020-10-03 14:00:00.000000
1601737200000,10530.06,10549.38,10529.81,10547.35,0.21665,2020-10-03 15:00:00.000000
1601740800000,10551.37,10603.33,10548.62,10575.37,4.516397,2020-10-03 16:00:00.000000
1601744400000,10575.37,10580.99,10567.93,10578.56,1.2417610000000001,2020-10-03 17:00:00.000000
1601748000000,10577.41,10588.64,10566.01,10566.01,0.318498,2020-10-03 18:00:00.000000
1601751600000,10575.53,10594.18,10569.29,10584.48,7.213761999999999,2020-10-03 19:00:00.000000
1601755200000,10578.09,10578.09,10558.98,10569.11,1.943757,2020-10-03 20:00:00.000000
1601758800000,10570.55,10574.04,10558.06,10569.21,4.3006519999999995,2020-10-03 21:00:00.000000
1601762400000,10569.21,10569.21,10536.81,10542.39,3.400561,2020-10-03 22:00:00.000000
1601766000000,10555.11,10566.49,10540.41,10546.07,2.4211869999999998,2020-10-03 23:00:00.000000
1601769600000,10532.51,10554.26,10529.0,10552.36,1.217583,2020-10-04 00:00:00.000000
1601773200000,10535.88,10543.82,10523.19,10543.82,2.185425,2020-10-04 01:00:00.000000
1601776800000,10540.09,10555.17,10539.41,10551.21,1.52085,2020-10-04 02:00:00.000000
1601780400000,10555.4,10560.27,10542.06,10542.06,5.208243,2020-10-04 03:00:00.000000
1601784000000,10552.28,10574.51,10551.57,10572.45,3.337339,2020-10-04 04:00:00.000000
1601787600000,10567.97,10576.95,10567.97,10576.95,0.746981,2020-10-04 05:00:00.000000
1601791200000,10566.9,10633.06,10566.9,10622.92,5.798093,2020-10-04 06:00:00.000000
1601794800000,10619.93,10622.87,10610.25,10614.56,0.7487149999999999,2020-10-04 07:00:00.000000
1601798400000,10616.99,10618.45,10588.12,10597.31,2.004167,2020-10-04 08:00:00.000000
1601802000000,10602.46,10604.45,10588.14,10597.07,2.100414,2020-10-04 09:00:00.000000
1601805600000,10597.72,10597.72,10574.46,10579.72,2.110804,2020-10-04 10:00:00.000000
1601809200000,10588.63,10591.48,10580.79,10580.79,3.015859,2020-10-04 11:00:00.000000
1601812800000,10601.62,10601.86,10572.12,10601.86,2.18015,2020-10-04 12:00:00.000000
1601816400000,10615.24,10618.45,10601.46,10610.41,1.9724580000000003,2020-10-04 13:00:00.000000
1601820000000,10609.76,10609.76,10600.02,10601.63,0.43993000000000004,2020-10-04 14:00:00.000000
1601823600000,10595.57,10605.55,10595.57,10597.59,0.34987399999999996,2020-10-04 15:00:00.000000
1601827200000,10591.95,10603.88,10591.95,10595.51,1.0920809999999999,2020-10-04 16:00:00.000000
1601830800000,10607.09,10608.08,10595.83,10607.7,1.225036,2020-10-04 17:00:00.000000
1601834400000,10618.68,10650.97,10602.18,10632.15,8.441028,2020-10-04 18:00:00.000000
1601838000000,10638.76,10695.66,10638.76,10675.89,3.993323,2020-10-04 19:00:00.000000
1601841600000,10690.76,10690.76,10639.67,10639.67,5.19309,2020-10-04 20:00:00.000000
1601845200000,10654.46,10664.26,10646.64,10655.55,2.809232,2020-10-04 21:00:00.000000
1601848800000,10643.93,10673.86,10642.51,10659.87,3.2228060000000003,2020-10-04 22:00:00.000000
1601852400000,10651.27,10676.59,10651.27,10676.59,3.017116,2020-10-04 23:00:00.000000
1601856000000,10664.92,10742.51,10664.01,10707.47,7.9967440000000005,2020-10-05 00:00:00.000000
1601859600000,10707.17,10707.17,10684.41,10689.68,12.776515,2020-10-05 01:00:00.000000
1601863200000,10686.27,10710.69,10685.37,10710.32,13.926719,2020-10-05 02:00:00.000000
1601866800000,10713.2,10713.2,10669.82,10669.82,2.810327,2020-10-05 03:00:00.000000
1601870400000,10660.9,10666.26,10651.94,10653.06,4.213522,2020-10-05 04:00:00.000000
1601874000000,10657.64,10677.54,10655.06,10677.54,4.006963,2020-10-05 05:00:00.000000
1601877600000,10643.79,10643.82,10623.8,10640.62,3.3377449999999995,2020-10-05 06:00:00.000000
1601881200000,10639.94,10687.52,10639.94,10686.98,4.832326999999999,2020-10-05 07:00:00.000000
1601884800000,10693.95,10693.95,10677.26,10678.33,1.8370419999999998,2020-10-05 08:00:00.000000
1601888400000,10665.52,10689.62,10664.28,10675.48,0.610858,2020-10-05 09:00:00.000000
1601892000000,10667.8,10687.72,10662.87,10682.74,7.906485000000001,2020-10-05 10:00:00.000000
1601895600000,10682.01,10698.11,10665.43,10677.02,8.031930000000001,2020-10-05 11:00:00.000000
1601899200000,10669.78,10694.64,10669.78,10694.64,4.485492,2020-10-05 12:00:00.000000
1601902800000,10699.91,10734.92,10699.91,10728.37,4.170226,2020-10-05 13:00:00.000000
1601906400000,10734.47,10775.14,10717.81,10724.99,23.538861999999998,2020-10-05 14:00:00.000000
1601910000000,10727.83,10729.57,10710.49,10723.12,2.289229,2020-10-05 15:00:00.000000
1601913600000,10721.58,10743.43,10703.88,10743.43,14.065354999999998,2020-10-05 16:00:00.000000
1601917200000,10738.62,10738.62,10697.68,10697.68,11.460642,2020-10-05 17:00:00.000000
1601920800000,10693.94,10710.33,10682.27,10709.22,1.1450069999999999,2020-10-05 18:00:00.000000
1601924400000,10722.21,10739.56,10722.21,10734.33,2.794427,2020-10-05 19:00:00.000000
1601928000000,10736.72,10758.63,10732.39,10735.09,1.6622860000000002,2020-10-05 20:00:00.000000
1601931600000,10736.24,10760.67,10733.42,10740.33,5.831948000000001,2020-10-05 21:00:00.000000
1601935200000,10748.95,10768.68,10748.95,10755.97,6.759555000000001,2020-10-05 22:00:00.000000
1601938800000,10751.92,10800.0,10738.76,10789.29,8.232646,2020-10-05 23:00:00.000000
1601942400000,10800.86,10800.86,10750.83,10758.0,5.410399,2020-10-06 00:00:00.000000
1601946000000,10760.81,10775.51,10742.53,10761.81,15.825867,2020-10-06 01:00:00.000000
1601949600000,10763.51,10791.42,10762.37,10764.25,5.716012999999999,2020-10-06 02:00:00.000000
1601953200000,10756.3,10786.35,10755.57,10771.8,1.8984849999999998,2020-10-06 03:00:00.000000
1601956800000,10772.34,10785.48,10767.52,10767.75,3.312994,2020-10-06 04:00:00.000000
1601960400000,10759.39,10759.39,10743.54,10744.04,1.089078,2020-10-06 05:00:00.000000
1601964000000,10746.56,10746.56,10736.71,10739.53,2.047812,2020-10-06 06:00:00.000000
1601967600000,10747.99,10768.36,10713.19,10722.1,1.952755,2020-10-06 07:00:00.000000
1601971200000,10704.47,10725.72,10703.8,10725.72,0.367814,2020-10-06 08:00:00.000000
1601974800000,10733.84,10741.91,10733.44,10740.02,3.138035,2020-10-06 09:00:00.000000
1601978400000,10748.69,10748.69,10700.88,10702.64,7.986200999999999,2020-10-06 10:00:00.000000
1601982000000,10700.0,10706.91,10651.59,10698.58,7.4398029999999995,2020-10-06 11:00:00.000000
1601985600000,10698.58,10718.27,10691.27,10710.59,3.9814529999999997,2020-10-06 12:00:00.000000
1601989200000,10700.0,10716.08,10700.0,10701.09,3.0136540000000003,2020-10-06 13:00:00.000000
1601992800000,10666.55,10698.79,10653.98,10677.0,6.1167370000000005,2020-10-06 14:00:00.000000
1601996400000,10659.39,10755.53,10622.36,10732.76,4.736366,2020-10-06 15:00:00.000000
1602000000000,10734.85,10747.31,10715.01,10722.86,6.376195,2020-10-06 16:00:00.000000
1602003600000,10724.89,10731.2,10702.59,10714.32,7.87144,2020-10-06 17:00:00.000000
1602007200000,10707.68,10732.39,10582.05,10610.0,30.666413000000002,2020-10-06 18:00:00.000000
1602010800000,10594.27,10601.08,10539.97,10574.68,14.471676,2020-10-06 19:00:00.000000
1602014400000,10558.63,10567.28,10523.58,10545.35,18.299493,2020-10-06 20:00:00.000000
1602018000000,10528.42,10575.22,10525.57,10575.22,9.077197,2020-10-06 21:00:00.000000
1602021600000,10562.16,10589.92,10562.16,10583.14,4.78978,2020-10-06 22:00:00.000000
1602025200000,10594.26,10610.91,10569.88,10595.29,4.869472,2020-10-06 23:00:00.000000
1602028800000,10588.37,10594.22,10575.94,10586.26,1.224529,2020-10-07 00:00:00.000000
1602032400000,10589.01,10589.01,10544.01,10575.77,6.498259,2020-10-07 01:00:00.000000
1602036000000,10584.88,10600.23,10582.37,10600.23,4.68612,2020-10-07 02:00:00.000000
1602039600000,10588.79,10593.65,10572.2,10577.03,55.084472,2020-10-07 03:00:00.000000
1602043200000,10577.8,10591.05,10568.72,10591.05,2.673251,2020-10-07 04:00:00.000000
1602046800000,10589.6,10615.67,10589.6,10615.29,1.621043,2020-10-07 05:00:00.000000
1602050400000,10607.57,10611.31,10607.06,10611.31,1.177651,2020-10-07 06:00:00.000000
1602054000000,10619.16,10619.16,10600.8,10614.81,1.9824439999999999,2020-10-07 07:00:00.000000
1602057600000,10615.52,10616.78,10599.48,10607.96,0.344264,2020-10-07 08:00:00.000000
1602061200000,10609.08,10612.07,10589.77,10590.85,16.949516,2020-10-07 09:00:00.000000
1602064800000,10593.24,10593.24,10572.03,10590.1,2.6202330000000003,2020-10-07 10:00:00.000000
1602068400000,10597.76,10611.5,10582.0,10602.07,9.429085,2020-10-07 11:00:00.000000
1602072000000,10607.11,10633.21,10607.11,10622.13,3.062913,2020-10-07 12:00:00.000000
1602075600000,10625.75,10632.34,10611.42,10612.92,7.750903999999999,2020-10-07 13:00:00.000000
1602079200000,10612.63,10631.78,10601.71,10631.78,5.086736,2020-10-07 14:00:00.000000
1602082800000,10624.36,10644.0,10617.94,10624.75,21.146847,2020-10-07 15:00:00.000000
1602086400000,10610.94,10633.92,10602.9,10626.1,18.355462,2020-10-07 16:00:00.000000
1602090000000,10630.34,10638.0,10623.62,10638.0,3.8749809999999996,2020-10-07 17:00:00.000000
1602093600000,10638.0,10665.0,10634.67,10659.99,7.467381,2020-10-07 18:00:00.000000
1602097200000,10674.34,10677.57,10651.34,10651.58,7.015708999999999,2020-10-07 19:00:00.000000
1602100800000,10645.85,10663.6,10644.99,10661.76,5.527989,2020-10-07 20:00:00.000000
1602104400000,10657.05,10665.0,10657.05,10665.0,0.755781,2020-10-07 21:00:00.000000
1602108000000,10664.23,10665.0,10646.17,10648.02,3.8470129999999996,2020-10-07 22:00:00.000000
1602111600000,10658.77,10673.42,10650.17,10673.16,1.766951,2020-10-07 23:00:00.000000
1602115200000,10665.12,10670.06,10640.22,10644.28,3.9797919999999998,2020-10-08 00:00:00.000000
1602118800000,10638.15,10643.27,10623.36,10638.02,1.6851509999999998,2020-10-08 01:00:00.000000
1602122400000,10640.0,10640.0,10623.1,10639.74,2.733017,2020-10-08 02:00:00.000000
1602126000000,10648.37,10648.37,10638.34,10641.25,0.675664,2020-10-08 03:00:00.000000
1602129600000,10640.0,10646.89,10630.46,10630.46,0.638463,2020-10-08 04:00:00.000000
1602133200000,10609.07,10633.65,10600.0,10615.32,4.606502,2020-10-08 05:00:00.000000
1602136800000,10608.33,10630.87,10606.84,10618.62,4.402278,2020-10-08 06:00:00.000000
1602140400000,10620.04,10620.04,10565.58,10597.84,12.321652,2020-10-08 07:00:00.000000
1602144000000,10587.56,10600.57,10559.67,10559.67,5.380535,2020-10-08 08:00:00.000000
1602147600000,10545.14,10571.32,10527.53,10563.94,7.184763,2020-10-08 09:00:00.000000
1602151200000,10562.34,10622.94,10562.2,10605.46,6.798264,2020-10-08 10:00:00.000000
1602154800000,10600.42,10606.09,10600.42,10606.09,0.6064430000000001,2020-10-08 11:00:00.000000
1602158400000,10596.51,10647.23,10595.66,10632.54,2.242687,2020-10-08 12:00:00.000000
1602162000000,10622.04,10748.13,10621.84,10728.62,18.406482999999998,2020-10-08 13:00:00.000000
1602165600000,10736.59,10947.46,10718.95,10910.29,27.526821999999996,2020-10-08 14:00:00.000000
1602169200000,10928.91,10931.61,10860.26,10893.0,10.763513,2020-10-08 15:00:00.000000
1602172800000,10920.0,10928.0,10883.4,10924.77,4.697024,2020-10-08 16:00:00.000000
1602176400000,10915.7,10948.48,10870.0,10870.0,2.610061,2020-10-08 17:00:00.000000
1602180000000,10887.9,10899.0,10851.51,10869.12,9.490669,2020-10-08 18:00:00.000000
1602183600000,10868.16,10890.0,10859.73,10884.68,7.119228,2020-10-08 19:00:00.000000
1602187200000,10898.46,10900.0,10866.85,10890.68,1.480005,2020-10-08 20:00:00.000000
1602190800000,10890.69,10906.16,10880.39,10883.74,2.8262110000000003,2020-10-08 21:00:00.000000
1602194400000,10892.73,10911.75,10890.34,10900.77,0.971794,2020-10-08 22:00:00.000000
1602198000000,10890.4,10937.49,10883.74,10925.25,8.595787,2020-10-08 23:00:00.000000
1602201600000,10930.74,10943.24,10872.1,10874.7,1.1075409999999999,2020-10-09 00:00:00.000000
1602205200000,10880.32,10899.05,10880.32,10889.28,1.601957,2020-10-09 01:00:00.000000
1602208800000,10925.25,10925.25,10896.2,10900.68,7.040489,2020-10-09 02:00:00.000000
1602212400000,10901.7,10905.94,10876.13,10890.93,34.579254999999996,2020-10-09 03:00:00.000000
1602216000000,10885.33,10891.67,10872.85,10891.67,10.248914,2020-10-09 04:00:00.000000
1602219600000,10872.55,10887.41,10867.09,10869.88,2.141497,2020-10-09 05:00:00.000000
1602223200000,10855.18,10870.0,10835.83,10850.76,6.182869999999999,2020-10-09 06:00:00.000000
1602226800000,10856.52,10902.08,10856.52,10893.54,2.6667560000000003,2020-10-09 07:00:00.000000
1602230400000,10887.61,10898.96,10882.83,10891.88,1.073074,2020-10-09 08:00:00.000000
1602234000000,10890.59,10890.59,10868.65,10877.24,2.608648,2020-10-09 09:00:00.000000
1602237600000,10874.47,11013.43,10873.34,10981.43,11.106638,2020-10-09 10:00:00.000000
1602241200000,10995.05,11103.34,10995.05,11042.0,13.742045999999998,2020-10-09 11:00:00.000000
1602244800000,11055.23,11108.15,11043.48,11073.23,13.302417000000002,2020-10-09 12:00:00.000000
1602248400000,11073.06,11089.0,11050.99,11078.52,13.982634,2020-10-09 13:00:00.000000
1602252000000,11080.91,11085.81,11046.58,11063.64,20.098352,2020-10-09 14:00:00.000000
1602255600000,11070.54,11092.04,11046.56,11090.51,3.925702,2020-10-09 15:00:00.000000
1602259200000,11101.29,11101.29,11048.0,11049.31,12.872061,2020-10-09 16:00:00.000000
1602262800000,11049.31,11067.51,11048.73,11062.71,7.197858999999999,2020-10-09 17:00:00.000000
1602266400000,11061.84,11061.84,11038.55,11046.3,4.720663,2020-10-09 18:00:00.000000
1602270000000,11053.1,11055.46,11023.38,11044.03,3.2371630000000002,2020-10-09 19:00:00.000000
1602273600000,11041.71,11053.0,11034.81,11038.46,8.285487,2020-10-09 20:00:00.000000
1602277200000,11035.19,11054.99,11021.98,11054.99,11.066835000000001,2020-10-09 21:00:00.000000
1602280800000,11057.55,11072.45,11044.11,11072.45,8.106745,2020-10-09 22:00:00.000000
1602284400000,11083.23,11095.94,11053.65,11054.99,6.838731,2020-10-09 23:00:00.000000
1602288000000,11052.9,11097.76,11052.9,11080.34,6.896128,2020-10-10 00:00:00.000000
1602291600000,11074.79,11093.93,11059.39,11091.71,1.875288,2020-10-10 01:00:00.000000
1602295200000,11086.44,11475.69,11086.44,11375.41,61.19398100000001,2020-10-10 02:00:00.000000
1602298800000,11405.84,11485.35,11385.71,11412.67,35.510857,2020-10-10 03:00:00.000000
1602302400000,11418.3,11423.29,11386.57,11406.09,4.499006,2020-10-10 04:00:00.000000
1602306000000,11399.72,11405.45,11366.94,11376.13,9.517647,2020-10-10 05:00:00.000000
1602309600000,11381.7,11391.58,11350.95,11351.29,8.460677,2020-10-10 06:00:00.000000
1602313200000,11357.47,11384.19,11357.47,11381.1,5.655405,2020-10-10 07:00:00.000000
1602316800000,11377.05,11396.99,11365.03,11376.05,5.543208,2020-10-10 08:00:00.000000
1602320400000,11377.84,11387.0,11278.09,11318.74,17.039675,2020-10-10 09:00:00.000000
1602324000000,11314.33,11314.33,11234.58,11311.06,10.235373,2020-10-10 10:00:00.000000
1602327600000,11314.16,11354.71,11307.53,11327.37,3.2233669999999996,2020-10-10 11:00:00.000000
1602331200000,11328.35,11343.4,11298.19,11343.4,5.670889,2020-10-10 12:00:00.000000
1602334800000,11346.13,11370.78,11315.17,11348.73,5.398587,2020-10-10 13:00:00.000000
1602338400000,11358.48,11358.48,11330.37,11340.39,5.862644,2020-10-10 14:00:00.000000
1602342000000,11363.31,11414.48,11310.06,11349.08,5.729426999999999,2020-10-10 15:00:00.000000
1602345600000,11350.55,11361.78,11327.95,11337.42,2.8010029999999997,2020-10-10 16:00:00.000000
1602349200000,11337.67,11369.08,11337.67,11355.02,3.409096,2020-10-10 17:00:00.000000
1602352800000,11355.02,11375.48,11351.79,11375.48,0.692171,2020-10-10 18:00:00.000000
1602356400000,11360.69,11371.94,11350.24,11363.19,1.7861509999999998,2020-10-10 19:00:00.000000
1602360000000,11356.05,11368.5,11349.88,11365.54,2.019543,2020-10-10 20:00:00.000000
1602363600000,11364.4,11377.99,11326.94,11377.99,2.762228,2020-10-10 21:00:00.000000
1602367200000,11368.28,11368.56,11338.77,11359.8,1.8267830000000003,2020-10-10 22:00:00.000000
1602370800000,11349.12,11349.12,11274.48,11298.5,5.000684,2020-10-10 23:00:00.000000
1602374400000,11303.93,11316.17,11284.43,11307.99,3.176749,2020-10-11 00:00:00.000000
1602378000000,11324.72,11403.94,11313.02,11376.13,4.78103,2020-10-11 01:00:00.000000
1602381600000,11378.4,11378.4,11352.72,11358.87,0.376178,2020-10-11 02:00:00.000000
1602385200000,11338.19,11338.19,11319.02,11330.0,0.181144,2020-10-11 03:00:00.000000
1602388800000,11340.7,11342.05,11311.14,11311.14,3.578329,2020-10-11 04:00:00.000000
1602392400000,11323.05,11341.25,11308.1,11341.25,2.466629,2020-10-11 05:00:00.000000
1602396000000,11353.27,11358.7,11337.95,11348.79,5.521230999999999,2020-10-11 06:00:00.000000
1602399600000,11362.73,11363.02,11344.36,11344.36,4.94285,2020-10-11 07:00:00.000000
1602403200000,11351.23,11364.05,11343.14,11351.05,4.215236,2020-10-11 08:00:00.000000
1602406800000,11342.11,11350.78,11333.54,11347.2,7.600805,2020-10-11 09:00:00.000000
1602410400000,11356.77,11403.38,11344.71,11391.52,9.093473,2020-10-11 10:00:00.000000
1602414000000,11402.93,11403.94,11363.0,11371.77,11.982522,2020-10-11 11:00:00.000000
1602417600000,11366.66,11377.53,11352.11,11358.37,4.625597,2020-10-11 12:00:00.000000
1602421200000,11357.96,11382.48,11333.39,11369.7,4.281792,2020-10-11 13:00:00.000000
1602424800000,11369.33,11445.35,11350.32,11377.3,6.181255999999999,2020-10-11 14:00:00.000000
1602428400000,11381.91,11438.54,11381.91,11408.65,5.149258000000001,2020-10-11 15:00:00.000000
1602432000000,11396.44,11423.55,11370.2,11394.65,5.858114,2020-10-11 16:00:00.000000
1602435600000,11394.65,11426.54,11394.65,11422.98,5.392683,2020-10-11 17:00:00.000000
1602439200000,11416.84,11417.78,11386.25,11413.59,3.584858,2020-10-11 18:00:00.000000
1602442800000,11410.0,11410.0,11383.67,11390.22,0.254648,2020-10-11 19:00:00.000000
